id,titre_original,entreprise_originale,job_description,job_description_clean,text_length
0,Sales Specialist,Google,"minimum qualifications
bachelors degree or equivalent practical experience years of experience in saas or productivity tools businessexperience managing enterprise accounts with sales cycles
preferred qualifications
 years of experience building strategic business partnerships with enterprise customersability to work through and with a reseller ecosystem to scale the businessability to plan pitch and execute a territory business strategyability to build relationships and to deliver results in a crossfunctionalmatrixed environmentability to identify crosspromoting and uppromoting opportunities within the existing account baseexcellent account management writtenverbal communication strategic and analyticalthinking skills
about the job
as a member of the google cloud team you inspire leading companies schools and government agencies to work smarter with google tools like google workspace search and chrome you advocate the innovative power of our products to make organizations more productive collaborative and mobile your guiding light is doing whats right for the customer you will meet customers exactly where they are at and provide them the best solutions for innovation using your passion for google products you help spread the magic of google to organizations around the world
the google workspace team helps customers transform and evolve their business through the use of googles productivity collaboration and content management suite of applications as part of an entrepreneurial team in this growing business you will help shape the future of businesses use technology to connect with customers employees and partners
as a google workspace sales specialist you will be responsible for maintenance and expansion of google workspace business growth across the region with customers in this role youll create and execute the strategy and provide unique insights on applying google workspace solutions to enterprisesyou will build an excellent pipeline and work with the account teams to build out the customer solution and establish partnerships you will strategize with partners to increase account and territory business growth you will work directly with customers coordinate internal resources and construct successful strategies at account and territory level
google cloud accelerates organizations ability to digitally transform their business with the best infrastructure platform industry solutions and expertise we deliver enterprisegrade solutions that leverage googles cuttingedge technology  all on the cleanest cloud in the industry customers in more than  countries and territories turn to google cloud as their trusted partner to enable growth and solve their most critical business problems",minimum qualifications bachelors degree or equivalent practical experience years of experience in saas or productivity tools businessexperience managing enterprise accounts with sales cycles preferred qualifications years of experience building strategic business partnerships with enterprise customersability to work through and with a reseller ecosystem to scale the businessability to plan pitch and execute a territory business strategyability to build relationships and to deliver results in a crossfunctionalmatrixed environmentability to identify crosspromoting and uppromoting opportunities within the existing account baseexcellent account management writtenverbal communication strategic and analyticalthinking skills about the job as a member of the google cloud team you inspire leading companies schools and government agencies to work smarter with google tools like google workspace search and chrome you advocate the innovative power of our products to make organizations more productive collaborative and mobile your guiding light is doing whats right for the customer you will meet customers exactly where they are at and provide them the best solutions for innovation using your passion for google products you help spread the magic of google to organizations around the world the google workspace team helps customers transform and evolve their business through the use of googles productivity collaboration and content management suite of applications as part of an entrepreneurial team in this growing business you will help shape the future of businesses use technology to connect with customers employees and partners as a google workspace sales specialist you will be responsible for maintenance and expansion of google workspace business growth across the region with customers in this role youll create and execute the strategy and provide unique insights on applying google workspace solutions to enterprisesyou will build an excellent pipeline and work with the account te,2000
1,Apple Solutions Consultant,Apple,"description
as an asc you will be highly influential in growing mind and market share of apple products while building longterm relationships with those who share your passion 
customer experiences are driven through you and your partner team growing in an ever changing and challenging environment you strive for perfection whether its maintaining visual merchandising or helping to grow and develop your partner team

qualifications
a passion to help people understand how apple products can enrich their livesexcellent communication skills allowing you to be as comfortable in front of a small group as you are speaking with individuals years preferred working in a dynamic sales andor results driven environment as well as proven success developing customer loyaltyability to encourage a partner team and grow apple business",description as an asc you will be highly influential in growing mind and market share of apple products while building longterm relationships with those who share your passion customer experiences are driven through you and your partner team growing in an ever changing and challenging environment you strive for perfection whether its maintaining visual merchandising or helping to grow and develop your partner team qualifications a passion to help people understand how apple products can enrich their livesexcellent communication skills allowing you to be as comfortable in front of a small group as you are speaking with individuals years preferred working in a dynamic sales andor results driven environment as well as proven success developing customer loyaltyability to encourage a partner team and grow apple business,826
2,Licensing Coordinator - Consumer Products,Netflix,"its an amazing time to be joining netflix as we continue to transform entertainment globally netflix is the worlds leading internet entertainment service with over  million paid memberships in over  countries enjoying tv series documentaries and feature films across a wide variety of genres and languages members can watch as much as they want anytime anywhere on any internetconnected screen members can play pause and resume watching all without commercials or commitments

the consumer products team aspires to connect members to our content and each other by bringing their favorite stories to real life our products and campaigns should entertain delight and bring joy to our fans all over the world 

due to the expansion of licensees and categories we are in need of additional support with active and prospective partnerships for current and upcoming titles we are looking for a licensing coordinator who will work across the entire slate of netflix content to bring our content to life via compelling products they will support two managers who oversee the food and beverage toys and collectibles electronics and sporting goods categories focusing on us and canada regional opportunities the individual would be a taskmaster extraordinaire who will assist in the day to day deliverables working alongside internal as well as external partners the successful candidate will be a dynamic professional who has an understanding of the outbound licensing workflow and can roll up their sleeves to knock out tasks in an orderly and swift pace 

key responsibilities
help drive business by supporting licensing managers on tasks related to category management facilitating information between external and internal stakeholders and maintaining communication of product and partner planscoordinate with internal teams to gather and distribute brand and marketing updates to share out with licensing partnersmaintain and update title strategies with category licensing plans and activitycollaborate with licensing partners to obtain placement updates and distribute to internal business partnersassist licensing managers with compiling licensing recaps following product launches schedule meetings and when needed draft and distribute meeting recaps to respective business partnersprepare distribute and track deal memos and final agreements to ensure deals are processed efficiently through all stepswork with licensing managers to prepare onboarding for new licenseesfacilitate receipt of forecasts and send royalty payment reminders as neededpartner with creative teams to keep product development on track to attain commercial objectives
what we need from you
demonstrated  years of experience in preferably outbound licensing functionunderstanding of category manufacturing and sales cycle for toys andor food and beverage is preferredexperience working with reputable entertainment andor lifestyle brandsselfstarter motivated proactive and flexibleability to thrive under pressure in a fastpaced dynamic environmentpossess attention to details with superb organizational skillsmultitasker extraordinaire with ability to prioritizeexcellent communicator alignment with our company culture and values",its an amazing time to be joining netflix as we continue to transform entertainment globally netflix is the worlds leading internet entertainment service with over million paid memberships in over countries enjoying tv series documentaries and feature films across a wide variety of genres and languages members can watch as much as they want anytime anywhere on any internetconnected screen members can play pause and resume watching all without commercials or commitments the consumer products team aspires to connect members to our content and each other by bringing their favorite stories to real life our products and campaigns should entertain delight and bring joy to our fans all over the world due to the expansion of licensees and categories we are in need of additional support with active and prospective partnerships for current and upcoming titles we are looking for a licensing coordinator who will work across the entire slate of netflix content to bring our content to life via compelling products they will support two managers who oversee the food and beverage toys and collectibles electronics and sporting goods categories focusing on us and canada regional opportunities the individual would be a taskmaster extraordinaire who will assist in the day to day deliverables working alongside internal as well as external partners the successful candidate will be a dynamic professional who has an understanding of the outbound licensing workflow and can roll up their sleeves to knock out tasks in an orderly and swift pace key responsibilities help drive business by supporting licensing managers on tasks related to category management facilitating information between external and internal stakeholders and maintaining communication of product and partner planscoordinate with internal teams to gather and distribute brand and marketing updates to share out with licensing partnersmaintain and update title strategies with category licensing plans and activitycollaborate with li,2000
3,Web Designer,Robert Half,"description

web designers looking to expand your professional reach welcome to robert half marketing  creative start the process with robert half today

we are searching for highly skilled web designers with experience working within corporate brand standards and guidelines the ideal candidates would have advanced skills in creating wireframes designing mobile applications landing pages interactive sites qa testing experience working with various interfaces and familiarity with uxui design principles candidates are expected to have strong skills in adobe photoshop illustrator and indesign any experience in html css and javascript is a major plus familiarity with content management systems is highly preferred

there is nothing more satisfying when looking for freelance and fulltime creative opportunities than working with someone who knows your area of expertise as industry professionals robert half marketing  creative is a team that puts your needs first and effectively represents you as a creative talent thats the kind of service youll receive from our team at robert half

we have marketing advertising and creative backgrounds just like yours  so were on your side right from the start could you ask for a better support team

requirements
  years experience in a web design role
 experience working within a clients brand standards or guidelines
 advanced skill in the adobe creative cloud

innovation starts with people

robert half is the worlds first and largest specialized talent solutions firm that connects highly qualified job seekers to opportunities at great companies we offer contract temporary and permanent placement solutions for finance and accounting technology marketing and creative legal and administrative and customer support roles

robert half puts you in the best position to succeed by advocating on your behalf and promoting you to employers we provide access to top jobs competitive compensation and benefits and free online training stay on top of every opportunity  even on the go

questions call your local office at  robert half will consider qualified applicants with criminal histories in a manner consistent with the requirements of the san francisco fair chance ordinance all applicants applying for us job openings must be legally authorized to work in the united states benefits are available to temporary professionals visit

  robert half an equal opportunity employer mfdisabilityveterans by clicking apply now youre agreeing to",description web designers looking to expand your professional reach welcome to robert half marketing creative start the process with robert half today we are searching for highly skilled web designers with experience working within corporate brand standards and guidelines the ideal candidates would have advanced skills in creating wireframes designing mobile applications landing pages interactive sites qa testing experience working with various interfaces and familiarity with uxui design principles candidates are expected to have strong skills in adobe photoshop illustrator and indesign any experience in html css and javascript is a major plus familiarity with content management systems is highly preferred there is nothing more satisfying when looking for freelance and fulltime creative opportunities than working with someone who knows your area of expertise as industry professionals robert half marketing creative is a team that puts your needs first and effectively represents you as a creative talent thats the kind of service youll receive from our team at robert half we have marketing advertising and creative backgrounds just like yours so were on your side right from the start could you ask for a better support team requirements years experience in a web design role experience working within a clients brand standards or guidelines advanced skill in the adobe creative cloud innovation starts with people robert half is the worlds first and largest specialized talent solutions firm that connects highly qualified job seekers to opportunities at great companies we offer contract temporary and permanent placement solutions for finance and accounting technology marketing and creative legal and administrative and customer support roles robert half puts you in the best position to succeed by advocating on your behalf and promoting you to employers we provide access to top jobs competitive compensation and benefits and free online training stay on top of every opportunity ,2000
4,Web Developer,TrackFive,"at trackfive weve got big goals were on a mission to revolutionize recruiting with easytouse tools and platforms and we envision a future where we can fill every open job with a qualified candidate thats why were looking for pioneerspeople who blaze trails and are committed to doing great work we might be small but we are mightyweve got more than a decade of skin in the game yet weve managed to maintain our startup feel the trackfive culture is centered around hard work but we believe strongly in balance and having funin a nutshell we love coming to work we value different backgrounds and perspectives believing that together we can use our creativity and curiosity to make amazing things happen

if youre ready to be a part of something exciting trackfive is currently searching for a talented web developer this position is not dependent on location and can be local to the office with hybrid or inoffice options available or fully remote
 please note that a skills test may be a requirement for potential candidates in the interview process

what youll do

the web developer is responsible for delivering robust solutions to our clients they work collaboratively to support trackfives existing web application portfolio and the successful delivery of new development initiatives

the life of a trackfive web developer
 contribute to all phases of the development lifecycle by following internal procedures and coding standards
 build  layouts from provided psd files
 build dynamic web apps using phpmysqlframeworks
 leverage rest services and other thirdparty apis
 rapidly solve problems bugs and compatibility issues
 troubleshoot test and maintain the core product software and databases to ensure strong optimization and functionality
 develop and deploy new features to facilitate related procedures and tools as necessary

skills necessary
  years or experience with html and csssass
  years of experience with programming php applications and lamp stack development
 experience with   javascript and jquery
 thorough understanding of relational databases and security relating to phpmysql
 expert knowledge with content management systems either from your own design or from mvc frameworks such as zend laravel etc
 ability to build and consume custom soap and rest apis
  years of experience writing unit testsdetailing procedures
 selfmotivated requiring minimal supervision
 exceptional organization and communication skills

why you want to work at trackfive
 free health insurance for employees with no waiting period
 dental and vision insurance trackfive splits the cost with you
 your birthday is a paid holiday
 companypaid short and longterm disability insurance
 companypaid life insurance
 flex time
 paid parental leave
 companymatched retirement plan with no waiting or vesting period
 the opportunity to workfromhome a few days a week
 so much swag
 cool inoffice perks like free snacks massages yoga and bringyourpettowork days just to name a few
 the opportunity to work with a great group of people up to some very exciting things
 the opportunity to attend our epic annual holiday party
 trackfive is an equal opportunity employer",at trackfive weve got big goals were on a mission to revolutionize recruiting with easytouse tools and platforms and we envision a future where we can fill every open job with a qualified candidate thats why were looking for pioneerspeople who blaze trails and are committed to doing great work we might be small but we are mightyweve got more than a decade of skin in the game yet weve managed to maintain our startup feel the trackfive culture is centered around hard work but we believe strongly in balance and having funin a nutshell we love coming to work we value different backgrounds and perspectives believing that together we can use our creativity and curiosity to make amazing things happen if youre ready to be a part of something exciting trackfive is currently searching for a talented web developer this position is not dependent on location and can be local to the office with hybrid or inoffice options available or fully remote please note that a skills test may be a requirement for potential candidates in the interview process what youll do the web developer is responsible for delivering robust solutions to our clients they work collaboratively to support trackfives existing web application portfolio and the successful delivery of new development initiatives the life of a trackfive web developer contribute to all phases of the development lifecycle by following internal procedures and coding standards build layouts from provided psd files build dynamic web apps using phpmysqlframeworks leverage rest services and other thirdparty apis rapidly solve problems bugs and compatibility issues troubleshoot test and maintain the core product software and databases to ensure strong optimization and functionality develop and deploy new features to facilitate related procedures and tools as necessary skills necessary years or experience with html and csssass years of experience with programming php applications and lamp stack development experience with javascript and jqu,2000
